{
    "accuracy:test": 0.9013802052612953,
    "roc_auc:test": 0.9285987297174996
}
