{
    "accuracy:test": 0.9045652943258228,
    "roc_auc:test": 0.9288170426875257
}
