{
    "accuracy:test": 0.9023239353544886,
    "roc_auc:test": 0.9264701445902559
}
