{
    "accuracy:test": 0.9018520703078919,
    "roc_auc:test": 0.9276169274031936
}
