{
    "accuracy:test": 0.9048012268491211,
    "roc_auc:test": 0.9296008684034736
}
