{
    "accuracy:test": 0.9017341040462428,
    "roc_auc:test": 0.9228473075182624
}
