{
    "accuracy:test": 0.9038574967559279,
    "roc_auc:test": 0.92712885448316
}
